[
  {
    "id": "TSHIRT_BASIC_WHITE",
    "name": "Basic White T-shirt",
    "category": "tshirt",
    "brand": "DemoBrand",
    "material": "cotton",
    "fit": "regular",
    "base_price": 199,
    "size_chart": {
      "XS": 84,
      "S": 90,
      "M": 98,
      "L": 106,
      "XL": 114
    }
  },
  {
    "id": "TSHIRT_OVERSIZE_BLACK",
    "name": "Oversized Black T-shirt",
    "category": "tshirt",
    "brand": "DemoBrand",
    "material": "cotton",
    "fit": "oversized",
    "base_price": 249,
    "size_chart": {
      "XS": 96,
      "S": 104,
      "M": 112,
      "L": 120,
      "XL": 128
    }
  },
  {
    "id": "JEANS_SLIM_BLUE",
    "name": "Slim Fit Jeans",
    "category": "jeans",
    "brand": "DemoBrand",
    "material": "denim",
    "fit": "slim",
    "base_price": 499,
    "size_chart": {
      "28": 76,
      "30": 80,
      "32": 84,
      "34": 88,
      "36": 92
    }
  }
]